index,with_brown_rules,prompt_type,PES_phrase,RR_phrase,EC_phrase,WES_word,WRS_word,WC_word,first_last_max_phrase_len,first_last_num_matches
0,FALSE,figurative,6.333333333333330,2.523809523809520,3.80952380952381,3.857142857142860,1.3809523809523800,2.4761904761904800,8.333333333333330,5.333333333333330
1,FALSE,general,5.178571428571430,4.035714285714290,1.1428571428571400,3.4642857142857100,2.428571428571430,1.0357142857142900,9.25,5.75
2,FALSE,specific,5.214285714285720,4.142857142857140,1.071428571428570,3.428571428571430,2.571428571428570,0.857142857142857,7.75,5.75
3,TRUE,figurative,0.5238095238095240,0.4761904761904760,0.0476190476190476,0.0952380952380952,0.0952380952380952,0.0,0.6666666666666670,0.3333333333333330
4,TRUE,general,0.6785714285714290,0.4285714285714290,0.25,0.3571428571428570,0.1785714285714290,0.1785714285714290,2.0,1.0
5,TRUE,specific,1.4285714285714300,1.0714285714285700,0.3571428571428570,0.875,0.5714285714285710,0.3035714285714290,3.0,2.375