with_brown_rules,prompt_type,PES_phrase,RR_phrase,EC_phrase,WES_word,WRS_word,WC_word,first_last_max_phrase_len,first_last_num_matches
False,figurative,6.333333333333333,2.523809523809524,3.80952380952381,3.857142857142857,1.3809523809523807,2.4761904761904763,8.333333333333334,5.333333333333333
False,general,5.178571428571429,4.035714285714286,1.1428571428571426,3.4642857142857144,2.428571428571429,1.0357142857142856,9.25,5.75
False,specific,5.214285714285715,4.142857142857143,1.071428571428572,3.428571428571429,2.5714285714285716,0.857142857142857,7.75,5.75
True,figurative,0.5238095238095238,0.4761904761904761,0.04761904761904764,0.09523809523809523,0.09523809523809523,0.0,0.6666666666666666,0.3333333333333333
True,general,0.6785714285714286,0.42857142857142855,0.25000000000000006,0.35714285714285715,0.17857142857142855,0.17857142857142855,2.0,1.0
True,specific,1.4285714285714286,1.0714285714285714,0.35714285714285715,0.875,0.5714285714285714,0.30357142857142855,3.0,2.375
