with_brown_rules,prompt_type,PES_phrase,RR_phrase,EC_phrase,WES_word,WRS_word,WC_word,first_last_max_phrase_len,first_last_num_matches
False,figurative,6.877551020408164,0.42857142857142855,6.448979591836734,4.275510204081633,0.11224489795918367,4.163265306122449,6.428571428571429,3.7857142857142856
False,general,6.559523809523809,0.4166666666666667,6.142857142857142,4.291666666666667,0.125,4.166666666666667,7.041666666666667,4.5
False,specific,7.390977443609022,0.39849624060150374,6.992481203007519,4.962406015037594,0.08270676691729323,4.879699248120301,7.578947368421052,5.368421052631579
True,figurative,8.459930313588849,0.4494773519163763,8.010452961672474,5.411149825783972,0.16724738675958187,5.2439024390243905,9.024390243902438,5.658536585365853
True,general,8.297619047619047,0.42063492063492064,7.8769841269841265,5.428571428571428,0.123015873015873,5.305555555555555,8.75,5.527777777777778
True,specific,8.487394957983193,0.47058823529411764,8.016806722689076,5.546218487394958,0.13865546218487396,5.407563025210084,8.647058823529411,5.676470588235294
