with_brown_rules,prompt_type,PES_phrase,RR_phrase,EC_phrase,WES_word,WRS_word,WC_word,first_last_max_phrase_len,first_last_num_matches
False,figurative,0.3571428571428571,0.23214285714285712,0.125,0.03571428571428571,0.03571428571428571,0.0,0.625,0.0
False,general,0.19047619047619047,0.2857142857142857,-0.09523809523809523,0.0,0.0,0.0,0.3333333333333333,0.0
False,specific,0.42857142857142855,0.2857142857142857,0.14285714285714285,0.0,0.0,0.0,0.0,0.0
True,figurative,4.511904761904762,1.1904761904761905,3.3214285714285716,2.630952380952381,0.5595238095238095,2.0714285714285716,7.25,4.75
True,general,3.9761904761904763,0.6547619047619048,3.3214285714285716,2.511904761904762,0.2976190476190476,2.2142857142857144,6.666666666666667,4.333333333333333
True,specific,4.25,0.9642857142857143,3.2857142857142856,2.5,0.42857142857142855,2.071428571428571,9.0,5.5
