index,Brown,OLMo,Claude
PES_phrase,3.5714285714285700,2.9340659340659300,6.935613682092560
RR_phrase,0.6285714285714280,2.0000000000000000,0.9839034205231390
EC_phrase,2.942857142857140,0.9340659340659340,5.951710261569420
WES_word,3.0857142857142900,1.8406593406593400,4.474849094567410
WRS_word,0.4,1.1428571428571400,0.5150905432595570
WC_word,2.685714285714290,0.6978021978021980,3.9597585513078500
first_last_max_phrase_len,5.2,4.884615384615390,7.887323943661970
first_last_num_matches,3.4,3.3076923076923100,5.154929577464790
num_eligible,5.0,26.0,71.0